match_id,timestamp,event_type,x,y,end_x,end_y,outcome,xT,is_progressive,is_recovery,is_complete,body_part,under_pressure,pass_length,pass_angle,team_id,player_id
LALIGA_24_25_M02,4.2,pass,41.69,44.0,49.85,47.84,success,0.0128,0,0,1,head,0,9.02,25.2,FCB,PEDRI_8
LALIGA_24_25_M02,9.2,carry,92.48,29.6,114.0,18.04,success,0.9316,1,0,1,head,0,24.42,-28.2,FCB,PEDRI_8
LALIGA_24_25_M02,25.2,recovery,68.47,51.27,66.82,52.19,success,0.2636,0,1,1,right_foot,0,0.0,0.0,FCB,PEDRI_8
LALIGA_24_25_M02,30.7,pass,67.37,34.4,85.99,26.09,success,0.5847,1,0,1,right_foot,1,20.39,-24.0,FCB,PEDRI_8
LALIGA_24_25_M02,43.0,dribble,57.06,35.59,64.11,41.23,success,0.234,0,0,1,right_foot,0,9.03,38.7,FCB,PEDRI_8
LALIGA_24_25_M02,55.6,recovery,75.09,36.03,73.09,36.54,success,0.3642,0,1,1,head,0,0.0,0.0,FCB,PEDRI_8
LALIGA_24_25_M02,61.8,dribble,45.32,41.78,61.84,30.83,success,0.1496,1,0,1,left_foot,0,19.82,-33.5,FCB,PEDRI_8
LALIGA_24_25_M02,89.2,pass,48.31,48.81,49.53,40.29,success,0.0508,0,0,1,right_foot,0,8.61,-81.9,FCB,PEDRI_8
LALIGA_24_25_M02,149.2,pass,56.89,19.82,64.66,22.65,success,0.2287,0,0,1,right_foot,0,8.27,20.0,FCB,PEDRI_8
LALIGA_24_25_M02,160.8,pass,76.77,36.97,86.18,30.56,success,0.5875,0,0,1,right_foot,1,11.39,-34.3,FCB,PEDRI_8
LALIGA_24_25_M02,162.0,pass,43.34,45.81,81.46,45.21,success,0.461,1,0,1,chest,0,38.13,-0.9,FCB,PEDRI_8
LALIGA_24_25_M02,166.0,dribble,97.8,45.04,107.64,43.53,success,0.86,0,0,1,right_foot,0,9.95,-8.8,FCB,PEDRI_8
LALIGA_24_25_M02,184.2,pass,67.96,50.12,88.73,43.35,fail,0.5592,1,0,0,right_foot,0,21.84,-18.0,FCB,PEDRI_8
LALIGA_24_25_M02,193.5,carry,47.83,25.73,67.03,25.26,success,0.2658,1,0,1,right_foot,0,19.21,-1.4,FCB,PEDRI_8
LALIGA_24_25_M02,206.5,pass,94.29,39.49,96.63,48.27,success,0.7785,0,0,1,left_foot,0,9.09,75.1,FCB,PEDRI_8
LALIGA_24_25_M02,234.8,carry,58.93,51.82,81.09,53.69,success,0.4803,1,0,1,right_foot,0,22.24,4.8,FCB,PEDRI_8
LALIGA_24_25_M02,257.0,carry,95.19,35.48,119.26,33.89,success,1.1077,1,0,1,right_foot,0,24.12,-3.8,FCB,PEDRI_8
LALIGA_24_25_M02,263.0,recovery,55.24,45.98,57.94,48.46,success,0.1008,0,1,1,right_foot,1,0.0,0.0,FCB,PEDRI_8
LALIGA_24_25_M02,270.6,pass,82.16,28.48,91.71,19.96,success,0.5835,0,0,1,head,1,12.81,-41.7,FCB,PEDRI_8
LALIGA_24_25_M02,274.5,carry,59.48,51.64,69.78,52.31,success,0.3229,0,0,1,right_foot,1,10.32,3.7,FCB,PEDRI_8
LALIGA_24_25_M02,276.0,dribble,27.54,36.12,43.26,36.42,fail,0.0,1,0,0,chest,0,15.72,1.1,FCB,PEDRI_8
LALIGA_24_25_M02,298.4,pass,85.24,52.0,82.64,49.77,success,0.5251,0,0,1,right_foot,1,3.42,-139.4,FCB,PEDRI_8
LALIGA_24_25_M02,305.1,carry,54.56,50.29,59.16,67.22,success,0.0579,0,0,1,right_foot,0,17.54,74.8,FCB,PEDRI_8
LALIGA_24_25_M02,313.8,shot,76.97,38.07,80.91,37.32,on_target,0.4853,0,0,1,head,0,0.0,0.0,FCB,PEDRI_8
LALIGA_24_25_M02,340.7,pass,64.23,43.09,89.28,36.24,success,0.6329,1,0,1,right_foot,0,25.97,-15.3,FCB,PEDRI_8
LALIGA_24_25_M02,344.9,recovery,67.84,37.08,73.73,39.9,success,0.3471,0,1,1,right_foot,0,0.0,0.0,FCB,PEDRI_8
LALIGA_24_25_M02,358.7,carry,42.28,23.98,47.94,21.8,success,0.0131,0,0,1,left_foot,0,6.07,-21.1,FCB,PEDRI_8
LALIGA_24_25_M02,363.8,carry,39.23,22.05,34.45,25.93,success,0.0021,0,0,1,left_foot,1,6.16,140.9,FCB,PEDRI_8
LALIGA_24_25_M02,372.5,recovery,92.42,27.3,94.75,26.95,success,0.6898,0,1,1,right_foot,0,0.0,0.0,FCB,PEDRI_8
LALIGA_24_25_M02,401.3,recovery,57.39,35.29,55.88,32.78,success,0.0877,0,1,1,left_foot,0,0.0,0.0,FCB,PEDRI_8
LALIGA_24_25_M02,403.2,pass,65.55,38.39,63.59,39.69,success,0.2004,0,0,1,right_foot,1,2.35,146.4,FCB,PEDRI_8
LALIGA_24_25_M02,408.8,pass,66.12,46.69,53.53,36.94,success,0.0,0,0,1,chest,0,15.92,-142.3,FCB,PEDRI_8
LALIGA_24_25_M02,419.8,pass,36.47,37.41,48.24,54.84,fail,0.0694,0,0,0,right_foot,1,21.03,56.0,FCB,PEDRI_8
LALIGA_24_25_M02,468.6,pass,47.99,47.25,79.84,31.64,success,0.4767,1,0,1,left_foot,0,35.47,-26.1,FCB,PEDRI_8
LALIGA_24_25_M02,474.1,pass,59.25,30.49,60.41,31.39,success,0.1244,0,0,1,right_foot,0,1.46,37.9,FCB,PEDRI_8
LALIGA_24_25_M02,474.6,pass,72.64,43.98,72.66,42.98,success,0.4239,0,0,1,right_foot,1,1.0,-88.4,FCB,PEDRI_8
LALIGA_24_25_M02,475.2,pass,58.54,34.39,73.87,26.48,fail,0.361,1,0,0,right_foot,0,17.26,-27.3,FCB,PEDRI_8
LALIGA_24_25_M02,501.1,recovery,29.32,25.04,25.49,29.6,success,0.0,0,1,1,right_foot,0,0.0,0.0,FCB,PEDRI_8
LALIGA_24_25_M02,520.3,pass,35.16,33.79,38.7,38.02,success,0.0077,0,0,1,right_foot,1,5.52,50.1,FCB,PEDRI_8
LALIGA_24_25_M02,532.8,pass,36.01,54.73,17.83,39.31,success,0.0,0,0,1,head,1,23.84,-139.7,FCB,PEDRI_8
LALIGA_24_25_M02,546.6,pass,62.91,46.04,78.42,51.25,success,0.4085,1,0,1,right_foot,0,16.37,18.6,FCB,PEDRI_8
LALIGA_24_25_M02,558.9,pass,68.08,34.72,75.41,55.52,success,0.3977,0,0,1,right_foot,0,22.06,70.6,FCB,PEDRI_8
LALIGA_24_25_M02,581.7,pass,74.41,39.32,81.97,43.88,success,0.5175,0,0,1,right_foot,1,8.83,31.1,FCB,PEDRI_8
LALIGA_24_25_M02,592.3,pass,36.64,19.34,53.53,21.52,success,0.0254,1,0,1,left_foot,0,17.03,7.3,FCB,PEDRI_8
LALIGA_24_25_M02,595.9,pass,61.21,28.18,71.38,17.27,success,0.2849,0,0,1,right_foot,1,14.92,-47.0,FCB,PEDRI_8
LALIGA_24_25_M02,620.4,carry,71.76,40.72,94.54,41.17,success,0.7051,1,0,1,head,0,22.78,1.1,FCB,PEDRI_8
LALIGA_24_25_M02,637.4,pass,53.65,56.77,69.93,66.49,success,0.2651,1,0,1,left_foot,0,18.96,30.8,FCB,PEDRI_8
LALIGA_24_25_M02,648.4,carry,44.63,43.46,65.92,58.63,success,0.2774,1,0,1,chest,0,26.14,35.5,FCB,PEDRI_8
LALIGA_24_25_M02,649.7,recovery,52.26,20.68,59.51,12.09,success,0.0876,0,1,1,right_foot,0,0.0,0.0,FCB,PEDRI_8
LALIGA_24_25_M02,651.1,pass,40.94,28.48,53.29,22.91,success,0.0615,0,0,1,chest,0,13.55,-24.3,FCB,PEDRI_8
LALIGA_24_25_M02,673.8,recovery,48.04,39.59,50.03,39.74,success,0.0316,0,1,1,right_foot,0,0.0,0.0,FCB,PEDRI_8
LALIGA_24_25_M02,674.7,pass,78.91,40.01,96.65,50.87,success,0.7436,1,0,1,right_foot,1,20.8,31.5,FCB,PEDRI_8
LALIGA_24_25_M02,678.4,pass,74.72,34.69,87.96,22.1,success,0.5597,0,0,1,head,0,18.28,-43.6,FCB,PEDRI_8
LALIGA_24_25_M02,683.2,pass,71.49,45.58,85.98,42.73,success,0.5907,0,0,1,right_foot,0,14.77,-11.1,FCB,PEDRI_8
LALIGA_24_25_M02,714.6,pass,37.5,40.99,47.54,46.38,success,0.0047,0,0,1,right_foot,1,11.39,28.2,FCB,PEDRI_8
LALIGA_24_25_M02,721.3,pass,35.93,27.06,44.22,16.83,success,0.0449,0,0,1,left_foot,0,13.17,-51.0,FCB,PEDRI_8
LALIGA_24_25_M02,725.6,recovery,67.76,54.92,65.69,53.09,success,0.1927,0,1,1,left_foot,0,0.0,0.0,FCB,PEDRI_8
LALIGA_24_25_M02,728.9,carry,33.25,31.18,40.56,31.05,success,0.0033,0,0,1,right_foot,1,7.31,-1.0,FCB,PEDRI_8
LALIGA_24_25_M02,732.0,carry,35.31,28.77,63.58,29.2,success,0.1901,1,0,1,left_foot,0,28.27,0.9,FCB,PEDRI_8
LALIGA_24_25_M02,744.0,carry,25.64,38.8,32.94,35.53,success,0.0,0,0,1,right_foot,0,8.0,-24.1,FCB,PEDRI_8
LALIGA_24_25_M02,773.9,pass,47.45,22.35,42.5,27.94,success,0.0,0,0,1,right_foot,0,7.47,131.5,FCB,PEDRI_8
LALIGA_24_25_M02,808.7,carry,47.41,37.73,64.23,30.7,success,0.1976,1,0,1,left_foot,0,18.22,-22.7,FCB,PEDRI_8
LALIGA_24_25_M02,810.6,carry,47.41,50.48,56.66,42.22,success,0.1501,0,0,1,right_foot,0,12.4,-41.8,FCB,PEDRI_8
LALIGA_24_25_M02,823.8,dribble,52.88,56.6,57.18,60.74,success,0.0842,0,0,1,right_foot,0,5.97,43.9,FCB,PEDRI_8
LALIGA_24_25_M02,834.0,pass,70.51,39.27,93.84,40.43,success,0.7217,1,0,1,head,0,23.36,2.8,FCB,PEDRI_8
LALIGA_24_25_M02,835.1,carry,54.01,62.75,51.61,73.25,success,0.0387,0,0,1,left_foot,0,10.78,102.9,FCB,PEDRI_8
LALIGA_24_25_M02,865.3,pass,43.01,33.14,59.75,33.06,success,0.1083,1,0,1,right_foot,0,16.74,-0.3,FCB,PEDRI_8
LALIGA_24_25_M02,889.8,pass,94.54,39.13,118.99,37.79,success,1.1071,1,0,1,right_foot,1,24.48,-3.1,FCB,PEDRI_8
LALIGA_24_25_M02,908.9,shot,38.36,39.45,43.07,41.85,blocked,0.0,0,0,0,right_foot,0,0.0,0.0,FCB,PEDRI_8
LALIGA_24_25_M02,931.7,pass,58.71,44.07,66.81,40.53,success,0.2743,0,0,1,right_foot,0,8.84,-23.6,FCB,PEDRI_8
LALIGA_24_25_M02,933.8,recovery,41.73,40.91,42.69,41.48,success,0.0,0,1,1,right_foot,0,0.0,0.0,FCB,PEDRI_8
LALIGA_24_25_M02,936.3,carry,27.82,40.38,41.81,24.83,success,0.0,0,0,1,right_foot,0,20.91,-48.0,FCB,PEDRI_8
LALIGA_24_25_M02,941.3,duel,54.72,52.24,62.18,56.22,fail,0.165,0,0,0,chest,0,0.0,0.0,FCB,PEDRI_8
LALIGA_24_25_M02,953.6,pass,68.72,50.01,61.91,38.29,success,0.2027,0,0,1,right_foot,0,13.56,-120.2,FCB,PEDRI_8
LALIGA_24_25_M02,975.8,pass,39.53,38.83,59.5,41.0,success,0.1541,1,0,1,left_foot,0,20.09,6.2,FCB,PEDRI_8
LALIGA_24_25_M02,983.8,recovery,53.57,18.92,53.49,27.59,success,0.0748,0,1,1,right_foot,0,0.0,0.0,FCB,PEDRI_8
LALIGA_24_25_M02,1000.9,duel,65.4,33.88,65.43,29.95,success,0.189,0,0,1,head,0,0.0,0.0,FCB,PEDRI_8
LALIGA_24_25_M02,1002.6,recovery,28.66,29.79,37.03,24.52,success,0.0146,0,1,1,right_foot,0,0.0,0.0,FCB,PEDRI_8
LALIGA_24_25_M02,1003.1,pass,69.14,45.62,80.21,42.84,fail,0.4889,0,0,0,left_foot,0,11.42,-14.1,FCB,PEDRI_8
LALIGA_24_25_M02,1006.8,duel,46.12,27.45,43.72,28.78,fail,0.0404,0,0,0,head,1,0.0,0.0,FCB,PEDRI_8
LALIGA_24_25_M02,1019.9,carry,63.43,48.39,97.08,40.55,success,0.6797,1,0,1,right_foot,0,34.55,-13.1,FCB,PEDRI_8
LALIGA_24_25_M02,1024.0,pass,58.63,48.76,60.13,42.08,success,0.1641,0,0,1,right_foot,0,6.85,-77.3,FCB,PEDRI_8
LALIGA_24_25_M02,1025.0,pass,99.38,34.16,108.62,26.17,success,0.8948,0,0,1,head,1,12.22,-40.9,FCB,PEDRI_8
LALIGA_24_25_M02,1034.9,pass,53.89,28.5,58.97,16.02,success,0.1062,0,0,1,right_foot,1,13.47,-67.9,FCB,PEDRI_8
LALIGA_24_25_M02,1040.8,carry,63.4,28.27,68.6,25.98,success,0.3184,0,0,1,right_foot,1,5.68,-23.8,FCB,PEDRI_8
LALIGA_24_25_M02,1063.4,pass,43.2,35.25,42.45,48.59,fail,0.0272,0,0,0,left_foot,0,13.36,93.2,FCB,PEDRI_8
LALIGA_24_25_M02,1079.5,pass,58.31,34.59,71.56,36.13,fail,0.3371,0,0,0,right_foot,1,13.34,6.6,FCB,PEDRI_8
LALIGA_24_25_M02,1104.5,carry,57.21,46.29,55.12,52.69,success,0.0844,0,0,1,right_foot,0,6.73,108.1,FCB,PEDRI_8
LALIGA_24_25_M02,1109.7,shot,65.57,15.39,70.66,18.96,off_target,0.2919,0,0,0,right_foot,0,0.0,0.0,FCB,PEDRI_8
LALIGA_24_25_M02,1125.0,carry,71.19,25.95,64.78,31.88,success,0.2096,0,0,1,right_foot,0,8.74,137.2,FCB,PEDRI_8
LALIGA_24_25_M02,1149.5,recovery,91.85,22.09,88.72,27.33,success,0.6432,0,1,1,right_foot,0,0.0,0.0,FCB,PEDRI_8
LALIGA_24_25_M02,1156.5,pass,59.82,36.64,67.96,41.85,success,0.3034,0,0,1,left_foot,0,9.67,32.6,FCB,PEDRI_8
LALIGA_24_25_M02,1158.2,pass,40.71,28.22,52.26,33.62,success,0.0808,0,0,1,right_foot,0,12.74,25.0,FCB,PEDRI_8
LALIGA_24_25_M02,1168.4,dribble,42.74,54.77,48.75,62.82,success,0.0284,0,0,1,right_foot,0,10.04,53.3,FCB,PEDRI_8
LALIGA_24_25_M02,1171.3,shot,44.75,56.76,43.82,44.89,on_target,0.0,0,0,1,left_foot,0,0.0,0.0,FCB,PEDRI_8
LALIGA_24_25_M02,1182.0,pass,47.2,46.96,65.08,50.38,success,0.2383,1,0,1,right_foot,1,18.21,10.8,FCB,PEDRI_8
LALIGA_24_25_M02,1210.0,carry,35.94,43.57,33.3,43.37,success,0.0,0,0,1,left_foot,1,2.65,-175.7,FCB,PEDRI_8
LALIGA_24_25_M02,1221.8,pass,66.95,39.28,74.53,36.18,success,0.3714,0,0,1,left_foot,1,8.19,-22.3,FCB,PEDRI_8
LALIGA_24_25_M02,1243.8,pass,31.61,26.77,40.58,23.55,success,0.0525,0,0,1,right_foot,0,9.52,-19.8,FCB,PEDRI_8
LALIGA_24_25_M02,1244.3,pass,85.92,40.72,96.15,31.28,success,0.7681,0,0,1,right_foot,0,13.92,-42.7,FCB,PEDRI_8
LALIGA_24_25_M02,1281.4,carry,62.54,43.98,64.92,45.02,success,0.2637,0,0,1,right_foot,1,2.59,23.5,FCB,PEDRI_8
LALIGA_24_25_M02,1294.9,pass,20.27,19.36,33.12,12.37,success,0.0,0,0,1,right_foot,0,14.63,-28.6,FCB,PEDRI_8
LALIGA_24_25_M02,1303.2,duel,60.03,56.75,57.69,48.85,fail,0.128,0,0,0,right_foot,1,0.0,0.0,FCB,PEDRI_8
LALIGA_24_25_M02,1304.0,pass,76.75,58.83,87.09,54.87,success,0.5835,0,0,1,left_foot,0,11.08,-20.9,FCB,PEDRI_8
LALIGA_24_25_M02,1335.6,carry,61.7,27.59,58.44,30.46,success,0.1453,0,0,1,right_foot,0,4.34,138.5,FCB,PEDRI_8
LALIGA_24_25_M02,1376.0,dribble,61.04,38.13,69.76,48.34,success,0.3007,0,0,1,left_foot,0,13.43,49.5,FCB,PEDRI_8
LALIGA_24_25_M02,1387.1,pass,65.1,30.71,78.99,30.2,success,0.4643,0,0,1,right_foot,0,13.9,-2.1,FCB,PEDRI_8
LALIGA_24_25_M02,1395.0,carry,51.36,29.45,67.43,25.02,success,0.3184,1,0,1,left_foot,1,16.66,-15.4,FCB,PEDRI_8
LALIGA_24_25_M02,1416.5,dribble,64.87,40.91,85.36,44.39,success,0.523,1,0,1,left_foot,1,20.78,9.6,FCB,PEDRI_8
LALIGA_24_25_M02,1420.8,carry,72.81,43.14,74.03,45.06,success,0.3592,0,0,1,right_foot,0,2.27,57.6,FCB,PEDRI_8
LALIGA_24_25_M02,1464.0,carry,57.01,18.38,62.27,31.7,success,0.1629,0,0,1,right_foot,0,14.32,68.4,FCB,PEDRI_8
LALIGA_24_25_M02,1468.6,pass,69.56,24.87,73.11,5.26,success,0.2988,0,0,1,right_foot,0,19.93,-79.7,FCB,PEDRI_8
LALIGA_24_25_M02,1470.6,pass,89.84,29.89,98.83,36.98,success,0.8186,0,0,1,right_foot,1,11.45,38.3,FCB,PEDRI_8
LALIGA_24_25_M02,1473.8,pass,55.33,32.67,60.11,38.23,success,0.1832,0,0,1,head,0,7.33,49.3,FCB,PEDRI_8
LALIGA_24_25_M02,1489.0,duel,62.41,37.93,59.54,42.08,fail,0.1452,0,0,0,right_foot,1,0.0,0.0,FCB,PEDRI_8
LALIGA_24_25_M02,1494.4,carry,52.16,44.52,50.82,42.64,success,0.0241,0,0,1,right_foot,1,2.31,-125.5,FCB,PEDRI_8
LALIGA_24_25_M02,1494.5,pass,71.1,43.67,83.26,48.11,success,0.5117,0,0,1,right_foot,1,12.95,20.1,FCB,PEDRI_8
LALIGA_24_25_M02,1510.4,dribble,71.06,43.13,81.73,42.91,success,0.5535,0,0,1,right_foot,1,10.67,-1.2,FCB,PEDRI_8
LALIGA_24_25_M02,1603.6,pass,61.99,43.83,62.42,43.73,success,0.1747,0,0,1,right_foot,1,0.45,-13.2,FCB,PEDRI_8
LALIGA_24_25_M02,1615.5,pass,43.48,20.49,33.85,17.7,fail,0.048,0,0,0,right_foot,1,10.03,-163.8,FCB,PEDRI_8
LALIGA_24_25_M02,1616.6,pass,76.74,42.54,89.85,47.96,success,0.5943,0,0,1,head,1,14.18,22.4,FCB,PEDRI_8
LALIGA_24_25_M02,1619.2,duel,46.07,48.09,46.37,35.13,fail,0.0,0,0,0,right_foot,0,0.0,0.0,FCB,PEDRI_8
LALIGA_24_25_M02,1623.5,pass,43.0,60.2,22.76,55.97,success,0.0057,0,0,1,head,0,20.68,-168.2,FCB,PEDRI_8
LALIGA_24_25_M02,1628.5,pass,38.37,20.47,58.34,20.72,success,0.1224,1,0,1,right_foot,0,19.96,0.7,FCB,PEDRI_8
LALIGA_24_25_M02,1647.0,carry,78.57,39.29,86.29,34.52,success,0.561,0,0,1,right_foot,1,9.07,-31.7,FCB,PEDRI_8
LALIGA_24_25_M02,1647.1,pass,61.17,36.9,80.98,39.22,success,0.4985,1,0,1,head,0,19.95,6.7,FCB,PEDRI_8
LALIGA_24_25_M02,1650.4,duel,30.44,58.52,38.49,59.7,success,0.0,0,0,1,right_foot,1,0.0,0.0,FCB,PEDRI_8
LALIGA_24_25_M02,1657.7,pass,39.16,47.02,56.03,52.97,success,0.1094,1,0,1,right_foot,0,17.89,19.4,FCB,PEDRI_8
LALIGA_24_25_M02,1664.6,duel,53.66,43.07,60.75,38.53,success,0.1428,0,0,1,right_foot,0,0.0,0.0,FCB,PEDRI_8
LALIGA_24_25_M02,1672.4,pass,72.87,53.04,85.08,56.07,success,0.5063,0,0,1,left_foot,0,12.58,13.9,FCB,PEDRI_8
LALIGA_24_25_M02,1689.4,pass,38.51,40.55,48.18,39.96,success,0.0,0,0,1,left_foot,0,9.69,-3.5,FCB,PEDRI_8
LALIGA_24_25_M02,1689.5,pass,49.31,38.38,59.58,41.64,success,0.1195,0,0,1,right_foot,0,10.77,17.6,FCB,PEDRI_8
LALIGA_24_25_M02,1694.4,carry,38.74,31.45,44.27,20.0,success,0.0,0,0,1,right_foot,0,12.71,-64.2,FCB,PEDRI_8
LALIGA_24_25_M02,1695.2,recovery,100.41,51.21,95.15,51.34,success,0.76,0,1,1,right_foot,0,0.0,0.0,FCB,PEDRI_8
LALIGA_24_25_M02,1710.5,dribble,56.83,48.37,68.33,43.68,success,0.2928,0,0,1,right_foot,0,12.42,-22.1,FCB,PEDRI_8
LALIGA_24_25_M02,1728.2,pass,29.23,29.6,36.7,28.5,success,0.0314,0,0,1,right_foot,0,7.56,-8.4,FCB,PEDRI_8
LALIGA_24_25_M02,1732.7,pass,48.96,22.74,57.22,8.67,success,0.0911,0,0,1,right_foot,0,16.32,-59.6,FCB,PEDRI_8
LALIGA_24_25_M02,1734.5,carry,72.67,37.87,95.75,44.01,success,0.7078,1,0,1,left_foot,0,23.88,14.9,FCB,PEDRI_8
LALIGA_24_25_M02,1759.3,duel,47.77,21.96,45.2,23.06,success,0.0,0,0,1,left_foot,0,0.0,0.0,FCB,PEDRI_8
LALIGA_24_25_M02,1760.2,pass,58.64,33.0,65.44,32.85,success,0.2574,0,0,1,left_foot,0,6.81,-1.2,FCB,PEDRI_8
LALIGA_24_25_M02,1767.5,dribble,44.53,32.25,69.12,43.51,success,0.3137,1,0,1,right_foot,1,27.04,24.6,FCB,PEDRI_8
LALIGA_24_25_M02,1769.8,carry,69.86,40.82,85.12,45.59,success,0.585,1,0,1,right_foot,0,15.99,17.3,FCB,PEDRI_8
LALIGA_24_25_M02,1793.9,recovery,52.54,47.73,52.94,45.32,success,0.0633,0,1,1,left_foot,0,0.0,0.0,FCB,PEDRI_8
LALIGA_24_25_M02,1798.0,carry,61.85,46.59,68.59,42.56,success,0.2757,0,0,1,right_foot,0,7.85,-30.9,FCB,PEDRI_8
LALIGA_24_25_M02,1803.7,pass,79.64,26.32,75.79,22.11,success,0.3529,0,0,1,right_foot,1,5.71,-132.4,FCB,PEDRI_8
LALIGA_24_25_M02,1822.6,duel,27.43,42.46,29.27,47.91,fail,0.0702,0,0,0,right_foot,0,0.0,0.0,FCB,PEDRI_8
LALIGA_24_25_M02,1827.0,pass,59.54,30.3,75.36,39.78,success,0.4043,1,0,1,left_foot,0,18.44,30.9,FCB,PEDRI_8
LALIGA_24_25_M02,1835.9,pass,91.44,38.99,89.22,49.02,success,0.6428,0,0,1,right_foot,0,10.28,102.5,FCB,PEDRI_8
LALIGA_24_25_M02,1858.0,pass,68.77,41.32,75.27,46.54,success,0.4042,0,0,1,right_foot,0,8.33,38.8,FCB,PEDRI_8
LALIGA_24_25_M02,1861.6,pass,46.27,51.98,62.75,67.42,success,0.1568,1,0,1,right_foot,0,22.58,43.1,FCB,PEDRI_8
LALIGA_24_25_M02,1906.1,recovery,52.97,48.34,53.15,53.28,success,0.0199,0,1,1,left_foot,0,0.0,0.0,FCB,PEDRI_8
LALIGA_24_25_M02,1910.6,pass,59.51,41.09,48.69,36.42,success,0.0084,0,0,1,right_foot,0,11.79,-156.7,FCB,PEDRI_8
LALIGA_24_25_M02,1935.8,pass,59.0,34.65,72.97,38.53,success,0.3508,0,0,1,right_foot,0,14.49,15.5,FCB,PEDRI_8
LALIGA_24_25_M02,1938.3,dribble,63.94,45.1,58.76,54.09,success,0.1562,0,0,1,head,0,10.38,119.9,FCB,PEDRI_8
LALIGA_24_25_M02,1941.0,pass,70.81,44.15,82.21,49.82,success,0.5257,0,0,1,right_foot,0,12.74,26.5,FCB,PEDRI_8
LALIGA_24_25_M02,1944.2,pass,45.39,48.07,60.35,53.53,success,0.1475,0,0,1,right_foot,1,15.92,20.0,FCB,PEDRI_8
LALIGA_24_25_M02,1946.0,shot,83.21,33.54,100.05,35.22,off_target,0.8234,1,0,0,left_foot,0,0.0,0.0,FCB,PEDRI_8
LALIGA_24_25_M02,1955.2,pass,65.71,52.62,75.75,45.21,success,0.3681,0,0,1,left_foot,0,12.48,-36.4,FCB,PEDRI_8
LALIGA_24_25_M02,1966.2,pass,16.98,30.9,19.34,24.15,success,0.0,0,0,1,right_foot,0,7.15,-70.7,FCB,PEDRI_8
LALIGA_24_25_M02,1967.4,pass,59.26,31.96,77.95,41.73,success,0.3566,1,0,1,right_foot,0,21.09,27.6,FCB,PEDRI_8
LALIGA_24_25_M02,1971.6,pass,44.57,20.71,52.6,25.53,success,0.0582,0,0,1,head,0,9.37,31.0,FCB,PEDRI_8
LALIGA_24_25_M02,2000.8,pass,51.12,51.52,55.9,48.12,success,0.0453,0,0,1,right_foot,1,5.87,-35.4,FCB,PEDRI_8
LALIGA_24_25_M02,2005.4,carry,60.43,36.68,74.13,33.28,success,0.3504,0,0,1,right_foot,0,14.12,-14.0,FCB,PEDRI_8
LALIGA_24_25_M02,2005.9,pass,82.68,45.02,102.24,27.59,success,0.8127,1,0,1,left_foot,0,26.2,-41.7,FCB,PEDRI_8
LALIGA_24_25_M02,2008.0,pass,69.2,30.52,70.05,29.68,success,0.2408,0,0,1,right_foot,0,1.19,-44.4,FCB,PEDRI_8
LALIGA_24_25_M02,2018.4,carry,87.08,45.55,107.06,41.49,success,0.9126,1,0,1,right_foot,0,20.39,-11.5,FCB,PEDRI_8
LALIGA_24_25_M02,2021.9,carry,83.46,24.61,94.61,21.81,success,0.6659,0,0,1,left_foot,0,11.49,-14.1,FCB,PEDRI_8
LALIGA_24_25_M02,2023.6,dribble,74.65,27.76,93.95,36.17,success,0.6978,1,0,1,left_foot,0,21.05,23.5,FCB,PEDRI_8
LALIGA_24_25_M02,2025.2,recovery,73.37,22.47,78.69,22.09,success,0.405,0,1,1,right_foot,0,0.0,0.0,FCB,PEDRI_8
LALIGA_24_25_M02,2040.1,pass,60.44,21.56,70.26,28.14,success,0.3143,0,0,1,right_foot,0,11.82,33.8,FCB,PEDRI_8
LALIGA_24_25_M02,2065.2,carry,69.64,38.19,83.12,26.95,success,0.4819,0,0,1,right_foot,0,17.55,-39.8,FCB,PEDRI_8
LALIGA_24_25_M02,2071.8,recovery,56.17,55.37,59.25,59.63,success,0.163,0,1,1,right_foot,0,0.0,0.0,FCB,PEDRI_8
LALIGA_24_25_M02,2088.9,carry,74.13,28.51,86.6,4.19,success,0.5347,0,0,1,right_foot,1,27.33,-62.9,FCB,PEDRI_8
LALIGA_24_25_M02,2089.1,pass,58.37,16.18,66.82,14.06,success,0.2519,0,0,1,right_foot,0,8.71,-14.1,FCB,PEDRI_8
LALIGA_24_25_M02,2095.8,pass,65.36,26.79,64.7,19.46,success,0.2115,0,0,1,chest,1,7.35,-95.1,FCB,PEDRI_8
LALIGA_24_25_M02,2097.4,pass,73.56,41.66,72.51,43.62,fail,0.3607,0,0,0,left_foot,0,2.22,118.3,FCB,PEDRI_8
LALIGA_24_25_M02,2107.3,pass,67.51,22.22,59.7,27.3,success,0.1598,0,0,1,right_foot,1,9.31,146.9,FCB,PEDRI_8
LALIGA_24_25_M02,2135.9,pass,57.7,48.69,81.15,43.41,fail,0.5051,1,0,0,chest,0,24.04,-12.7,FCB,PEDRI_8
LALIGA_24_25_M02,2154.7,pass,67.88,31.85,54.72,30.76,fail,0.0539,0,0,0,left_foot,0,13.2,-175.3,FCB,PEDRI_8
LALIGA_24_25_M02,2158.2,recovery,51.02,51.96,51.71,54.46,success,0.0458,0,1,1,right_foot,0,0.0,0.0,FCB,PEDRI_8
LALIGA_24_25_M02,2159.0,pass,85.61,34.87,97.35,34.94,success,0.6983,0,0,1,right_foot,1,11.74,0.4,FCB,PEDRI_8
LALIGA_24_25_M02,2166.5,pass,44.15,40.96,64.66,38.48,success,0.2582,1,0,1,right_foot,0,20.65,-6.9,FCB,PEDRI_8
LALIGA_24_25_M02,2169.9,pass,37.3,42.92,43.48,49.03,success,0.0,0,0,1,right_foot,1,8.7,44.7,FCB,PEDRI_8
LALIGA_24_25_M02,2175.6,pass,81.59,36.0,97.85,29.31,success,0.7637,1,0,1,chest,0,17.59,-22.4,FCB,PEDRI_8
LALIGA_24_25_M02,2182.3,carry,65.76,40.76,79.17,44.35,success,0.436,0,0,1,right_foot,0,13.89,14.9,FCB,PEDRI_8
LALIGA_24_25_M02,2194.4,carry,79.64,41.24,105.31,44.98,success,0.9162,1,0,1,right_foot,0,25.95,8.3,FCB,PEDRI_8
LALIGA_24_25_M02,2201.6,dribble,94.66,39.53,100.8,40.48,success,0.8046,0,0,1,right_foot,0,6.2,8.7,FCB,PEDRI_8
LALIGA_24_25_M02,2203.7,pass,45.35,43.34,39.43,45.67,success,0.0,0,0,1,left_foot,0,6.36,158.5,FCB,PEDRI_8
LALIGA_24_25_M02,2230.5,pass,40.9,37.87,35.68,38.2,success,0.0,0,0,1,left_foot,0,5.22,176.3,FCB,PEDRI_8
LALIGA_24_25_M02,2245.8,pass,95.53,39.86,94.61,40.21,success,0.6645,0,0,1,right_foot,0,0.98,159.4,FCB,PEDRI_8
LALIGA_24_25_M02,2254.6,carry,79.33,40.3,100.09,32.34,success,0.8198,1,0,1,right_foot,0,22.23,-21.0,FCB,PEDRI_8
LALIGA_24_25_M02,2290.8,duel,79.41,41.68,79.47,37.95,success,0.4623,0,0,1,left_foot,0,0.0,0.0,FCB,PEDRI_8
LALIGA_24_25_M02,2300.4,carry,52.35,36.61,60.59,35.54,success,0.2007,0,0,1,chest,1,8.31,-7.4,FCB,PEDRI_8
LALIGA_24_25_M02,2315.1,pass,48.65,30.15,72.93,26.98,fail,0.3655,1,0,0,left_foot,0,24.49,-7.4,FCB,PEDRI_8
LALIGA_24_25_M02,2326.6,pass,68.78,47.22,85.59,57.31,success,0.5086,1,0,1,right_foot,0,19.61,31.0,FCB,PEDRI_8
LALIGA_24_25_M02,2336.3,duel,31.96,53.84,32.04,56.35,success,0.0,0,0,1,left_foot,0,0.0,0.0,FCB,PEDRI_8
LALIGA_24_25_M02,2338.2,shot,52.38,39.2,73.95,38.27,blocked,0.3472,1,0,0,left_foot,0,0.0,0.0,FCB,PEDRI_8
LALIGA_24_25_M02,2343.7,pass,75.98,22.3,89.6,39.51,success,0.6518,0,0,1,chest,0,21.95,51.6,FCB,PEDRI_8
LALIGA_24_25_M02,2397.5,pass,53.5,32.59,61.34,39.66,success,0.2152,0,0,1,right_foot,0,10.55,42.1,FCB,PEDRI_8
LALIGA_24_25_M02,2438.4,carry,62.77,32.84,77.63,44.29,success,0.4172,0,0,1,left_foot,0,18.76,37.6,FCB,PEDRI_8
LALIGA_24_25_M02,2440.6,pass,68.27,38.05,78.34,35.75,success,0.4752,0,0,1,head,0,10.32,-12.9,FCB,PEDRI_8
LALIGA_24_25_M02,2443.9,dribble,63.84,34.3,79.97,21.34,success,0.4051,1,0,1,right_foot,0,20.69,-38.8,FCB,PEDRI_8
LALIGA_24_25_M02,2474.1,pass,81.2,29.98,58.89,39.12,success,0.2017,0,0,1,left_foot,0,24.11,157.7,FCB,PEDRI_8
LALIGA_24_25_M02,2480.2,pass,66.56,28.52,93.54,35.27,success,0.622,1,0,1,right_foot,1,27.81,14.0,FCB,PEDRI_8
LALIGA_24_25_M02,2489.0,pass,29.75,46.53,35.28,45.5,fail,0.0,0,0,0,right_foot,0,5.62,-10.6,FCB,PEDRI_8
LALIGA_24_25_M02,2490.1,dribble,60.22,38.3,74.38,47.72,success,0.3637,0,0,1,left_foot,1,17.01,33.6,FCB,PEDRI_8
LALIGA_24_25_M02,2494.5,pass,31.92,15.19,49.29,34.19,success,0.0,1,0,1,left_foot,1,25.75,47.6,FCB,PEDRI_8
LALIGA_24_25_M02,2502.6,pass,79.39,32.25,85.74,38.33,success,0.5348,0,0,1,right_foot,0,8.79,43.7,FCB,PEDRI_8
LALIGA_24_25_M02,2506.4,carry,99.0,40.79,91.92,34.83,success,0.7133,0,0,1,right_foot,1,9.25,-139.9,FCB,PEDRI_8
LALIGA_24_25_M02,2506.4,pass,88.79,52.99,104.95,39.98,success,0.8485,1,0,1,left_foot,1,20.74,-38.8,FCB,PEDRI_8
LALIGA_24_25_M02,2508.3,pass,32.55,47.31,31.69,56.48,success,0.0,0,0,1,right_foot,0,9.21,95.3,FCB,PEDRI_8
LALIGA_24_25_M02,2539.8,shot,76.35,24.51,89.02,11.61,off_target,0.5651,0,0,0,right_foot,0,0.0,0.0,FCB,PEDRI_8
LALIGA_24_25_M02,2542.1,carry,53.7,25.45,56.07,21.05,success,0.102,0,0,1,chest,0,4.99,-61.7,FCB,PEDRI_8
LALIGA_24_25_M02,2581.7,pass,42.37,25.3,46.12,27.68,success,0.0,0,0,1,head,0,4.44,32.4,FCB,PEDRI_8
LALIGA_24_25_M02,2599.0,pass,22.21,39.66,33.98,33.16,success,0.0163,0,0,1,left_foot,0,13.43,-28.9,FCB,PEDRI_8
LALIGA_24_25_M02,2604.9,pass,70.38,49.14,81.89,55.99,success,0.4898,0,0,1,chest,1,13.39,30.8,FCB,PEDRI_8
LALIGA_24_25_M02,2605.1,pass,79.05,44.04,74.27,36.53,success,0.4201,0,0,1,right_foot,0,8.9,-122.5,FCB,PEDRI_8
LALIGA_24_25_M02,2627.5,pass,43.39,37.94,40.39,24.15,success,0.0262,0,0,1,left_foot,0,14.11,-102.3,FCB,PEDRI_8
LALIGA_24_25_M02,2656.3,pass,49.09,26.6,54.22,31.61,success,0.0406,0,0,1,left_foot,0,7.17,44.3,FCB,PEDRI_8
LALIGA_24_25_M02,2672.2,recovery,84.22,36.67,76.48,37.1,success,0.4176,0,1,1,right_foot,0,0.0,0.0,FCB,PEDRI_8
LALIGA_24_25_M02,2693.9,carry,51.31,26.96,79.63,29.19,success,0.522,1,0,1,head,0,28.41,4.5,FCB,PEDRI_8
LALIGA_24_25_M02,2699.8,pass,74.42,30.46,69.66,45.12,success,0.3804,0,0,1,right_foot,1,15.42,108.0,FCB,PEDRI_8
LALIGA_24_25_M02,2700.7,dribble,56.14,42.63,60.57,39.47,success,0.1729,0,0,1,right_foot,0,5.44,-35.5,FCB,PEDRI_8
LALIGA_24_25_M02,2704.6,dribble,75.08,28.08,83.56,30.49,fail,0.5405,0,0,0,right_foot,1,8.82,15.9,FCB,PEDRI_8
LALIGA_24_25_M02,2715.2,pass,58.73,37.61,78.08,21.4,success,0.3995,1,0,1,right_foot,0,25.25,-40.0,FCB,PEDRI_8
LALIGA_24_25_M02,2715.8,carry,78.55,36.57,84.24,32.72,success,0.6047,0,0,1,right_foot,1,6.86,-34.1,FCB,PEDRI_8
LALIGA_24_25_M02,2719.9,carry,94.18,39.51,94.87,49.9,success,0.7358,0,0,1,right_foot,0,10.42,86.2,FCB,PEDRI_8
LALIGA_24_25_M02,2751.5,pass,62.67,38.26,69.38,33.86,success,0.358,0,0,1,right_foot,0,8.01,-33.2,FCB,PEDRI_8
LALIGA_24_25_M02,2754.9,carry,53.78,20.05,75.55,35.47,success,0.4207,1,0,1,right_foot,0,26.68,35.3,FCB,PEDRI_8
LALIGA_24_25_M02,2758.4,pass,74.21,19.57,90.31,30.86,success,0.6065,1,0,1,right_foot,0,19.67,35.0,FCB,PEDRI_8
LALIGA_24_25_M02,2758.4,pass,74.32,40.74,83.28,32.58,fail,0.5379,0,0,0,head,0,12.12,-42.3,FCB,PEDRI_8
LALIGA_24_25_M02,2781.9,pass,67.38,47.52,92.76,48.31,success,0.6684,1,0,1,left_foot,0,25.39,1.8,FCB,PEDRI_8
LALIGA_24_25_M02,2792.3,duel,70.14,40.16,75.23,37.7,success,0.3771,0,0,1,right_foot,0,0.0,0.0,FCB,PEDRI_8
LALIGA_24_25_M02,2798.5,pass,54.76,54.22,68.25,59.11,success,0.2501,0,0,1,right_foot,1,14.35,19.9,FCB,PEDRI_8
LALIGA_24_25_M02,2815.7,pass,40.54,41.93,57.01,43.51,success,0.131,1,0,1,right_foot,0,16.55,5.5,FCB,PEDRI_8
LALIGA_24_25_M02,2822.0,pass,81.95,51.96,71.5,55.96,success,0.3699,0,0,1,right_foot,0,11.19,159.1,FCB,PEDRI_8
LALIGA_24_25_M02,2860.3,pass,85.94,51.23,93.78,56.03,success,0.6566,0,0,1,left_foot,1,9.19,31.5,FCB,PEDRI_8
LALIGA_24_25_M02,2866.0,pass,82.67,43.93,97.8,34.24,success,0.7474,1,0,1,right_foot,0,17.96,-32.6,FCB,PEDRI_8
LALIGA_24_25_M02,2866.5,pass,66.87,38.09,69.51,23.52,success,0.2993,0,0,1,right_foot,0,14.81,-79.8,FCB,PEDRI_8
LALIGA_24_25_M02,2866.7,shot,54.93,34.2,34.06,26.45,off_target,0.0,0,0,0,chest,0,0.0,0.0,FCB,PEDRI_8
LALIGA_24_25_M02,2886.2,pass,82.13,49.44,76.98,50.22,success,0.4193,0,0,1,right_foot,1,5.21,171.4,FCB,PEDRI_8
LALIGA_24_25_M02,2891.1,pass,53.41,25.71,61.18,19.78,success,0.2023,0,0,1,head,0,9.77,-37.4,FCB,PEDRI_8
LALIGA_24_25_M02,2903.3,pass,56.74,40.85,70.21,30.74,fail,0.3074,0,0,0,right_foot,0,16.84,-36.9,FCB,PEDRI_8
LALIGA_24_25_M02,2910.5,shot,65.7,32.38,92.87,38.92,on_target,0.71,1,0,1,left_foot,0,0.0,0.0,FCB,PEDRI_8
LALIGA_24_25_M02,2917.9,recovery,47.99,45.47,51.87,43.5,success,0.0155,0,1,1,left_foot,1,0.0,0.0,FCB,PEDRI_8
LALIGA_24_25_M02,2919.4,carry,60.87,33.4,81.1,21.24,success,0.4261,1,0,1,left_foot,0,23.61,-31.0,FCB,PEDRI_8
LALIGA_24_25_M02,2922.9,pass,49.98,49.62,63.17,46.24,success,0.2418,0,0,1,head,1,13.62,-14.4,FCB,PEDRI_8
LALIGA_24_25_M02,2930.0,carry,50.93,46.46,57.82,39.9,success,0.1495,0,0,1,right_foot,0,9.51,-43.6,FCB,PEDRI_8
LALIGA_24_25_M02,2960.0,dribble,74.46,39.02,97.55,40.74,success,0.7751,1,0,1,right_foot,0,23.16,4.3,FCB,PEDRI_8
LALIGA_24_25_M02,2964.2,pass,81.84,42.1,86.01,35.27,success,0.5952,0,0,1,right_foot,0,8.01,-58.6,FCB,PEDRI_8
LALIGA_24_25_M02,3018.1,carry,70.55,43.15,72.98,45.97,success,0.3389,0,0,1,head,0,3.72,49.3,FCB,PEDRI_8
LALIGA_24_25_M02,3019.4,carry,77.02,62.15,85.92,69.84,success,0.5342,0,0,1,right_foot,1,11.76,40.8,FCB,PEDRI_8
LALIGA_24_25_M02,3021.2,pass,70.01,29.01,62.12,40.38,success,0.1725,0,0,1,left_foot,0,13.84,124.8,FCB,PEDRI_8
LALIGA_24_25_M02,3092.3,pass,72.59,29.49,90.27,26.22,success,0.5955,1,0,1,right_foot,0,17.98,-10.5,FCB,PEDRI_8
LALIGA_24_25_M02,3101.5,recovery,69.14,43.12,65.25,38.19,success,0.1731,0,1,1,right_foot,0,0.0,0.0,FCB,PEDRI_8
LALIGA_24_25_M02,3107.6,pass,71.06,47.34,86.5,67.01,success,0.538,1,0,1,right_foot,0,25.0,51.9,FCB,PEDRI_8
LALIGA_24_25_M02,3114.7,pass,64.67,25.05,79.48,33.44,success,0.406,0,0,1,head,1,17.03,29.5,FCB,PEDRI_8
LALIGA_24_25_M02,3146.1,dribble,63.51,38.95,71.96,26.34,fail,0.3888,0,0,0,right_foot,0,15.18,-56.2,FCB,PEDRI_8
LALIGA_24_25_M02,3148.0,pass,73.81,43.59,86.5,41.14,success,0.5605,0,0,1,right_foot,0,12.92,-10.9,FCB,PEDRI_8
LALIGA_24_25_M02,3149.6,shot,66.09,46.65,69.07,43.38,on_target,0.2854,0,0,1,left_foot,0,0.0,0.0,FCB,PEDRI_8
LALIGA_24_25_M02,3150.6,pass,56.52,32.14,73.08,28.65,success,0.3652,1,0,1,right_foot,0,16.93,-11.9,FCB,PEDRI_8
LALIGA_24_25_M02,3153.7,pass,70.25,36.41,95.88,30.96,success,0.7249,1,0,1,right_foot,0,26.2,-12.0,FCB,PEDRI_8
LALIGA_24_25_M02,3155.0,pass,95.28,37.33,110.55,41.4,success,0.9328,1,0,1,chest,1,15.81,14.9,FCB,PEDRI_8
LALIGA_24_25_M02,3180.6,pass,76.12,51.41,79.59,45.72,fail,0.4604,0,0,0,right_foot,0,6.66,-58.6,FCB,PEDRI_8
LALIGA_24_25_M02,3191.5,carry,52.05,54.94,78.79,44.53,success,0.4338,1,0,1,right_foot,1,28.7,-21.3,FCB,PEDRI_8
LALIGA_24_25_M02,3192.8,pass,76.34,32.46,86.58,31.31,fail,0.5568,0,0,0,right_foot,0,10.31,-6.4,FCB,PEDRI_8
LALIGA_24_25_M02,3195.8,pass,48.42,27.51,61.22,35.66,success,0.1418,0,0,1,right_foot,0,15.17,32.5,FCB,PEDRI_8
LALIGA_24_25_M02,3208.0,pass,77.01,43.72,77.4,41.72,success,0.4535,0,0,1,right_foot,0,2.04,-79.0,FCB,PEDRI_8
LALIGA_24_25_M02,3209.8,dribble,75.21,46.34,79.29,42.01,fail,0.447,0,0,0,right_foot,0,5.96,-46.7,FCB,PEDRI_8
LALIGA_24_25_M02,3209.9,pass,51.62,29.02,48.8,33.97,success,0.0,0,0,1,left_foot,0,5.69,119.7,FCB,PEDRI_8
LALIGA_24_25_M02,3221.4,pass,55.56,47.24,73.0,40.96,success,0.3454,1,0,1,right_foot,0,18.53,-19.8,FCB,PEDRI_8
LALIGA_24_25_M02,3228.2,pass,61.28,31.77,67.33,25.26,success,0.2669,0,0,1,right_foot,0,8.89,-47.1,FCB,PEDRI_8
LALIGA_24_25_M02,3235.7,pass,81.94,36.82,90.91,41.52,success,0.6414,0,0,1,right_foot,0,10.13,27.6,FCB,PEDRI_8
LALIGA_24_25_M02,3244.3,duel,53.47,33.85,52.45,31.13,fail,0.041,0,0,0,chest,0,0.0,0.0,FCB,PEDRI_8
LALIGA_24_25_M02,3259.4,pass,57.18,36.13,62.04,39.72,success,0.2154,0,0,1,right_foot,0,6.04,36.4,FCB,PEDRI_8
LALIGA_24_25_M02,3296.1,pass,31.96,46.48,47.1,35.62,success,0.0,1,0,1,right_foot,1,18.64,-35.6,FCB,PEDRI_8
LALIGA_24_25_M02,3302.9,pass,55.37,25.42,68.7,38.83,success,0.3223,0,0,1,right_foot,1,18.9,45.2,FCB,PEDRI_8
LALIGA_24_25_M02,3307.4,pass,34.57,25.81,49.6,24.58,success,0.0,1,0,1,right_foot,0,15.08,-4.7,FCB,PEDRI_8
LALIGA_24_25_M02,3312.1,pass,52.95,45.01,51.88,38.67,success,0.0,0,0,1,right_foot,0,6.42,-99.6,FCB,PEDRI_8
LALIGA_24_25_M02,3327.2,recovery,51.93,53.44,54.67,55.48,success,0.0534,0,1,1,left_foot,0,0.0,0.0,FCB,PEDRI_8
LALIGA_24_25_M02,3331.7,pass,63.88,40.13,61.04,49.47,success,0.2327,0,0,1,left_foot,0,9.76,106.9,FCB,PEDRI_8
LALIGA_24_25_M02,3334.8,pass,55.33,28.37,61.03,19.02,success,0.1854,0,0,1,left_foot,0,10.95,-58.6,FCB,PEDRI_8
LALIGA_24_25_M02,3335.1,dribble,52.49,36.28,55.79,19.87,success,0.0661,0,0,1,right_foot,1,16.74,-78.6,FCB,PEDRI_8
